{
	"head": {
        "pricebook": "default",
        "shop": "storefront-catalog-en",
		"currency": "USD"
    },
    "items": [
        {
            "product_id": "9999003",
            "value": 295.00
        },
		
		  {
            "product_id": "9999004",
            "value": 295.00
        },
		  {
            "product_id": "9999005",
            "value": 295.00
        },
		  {
            "product_id": "9999006",
            "value": 295.00
        },
		  {
            "product_id": "9999007",
            "value": 295.00
        },
		  {
            "product_id": "9999008",
            "value": 295.00
        },
		  {
            "product_id": "9999009",
            "value": 295.00
        },
		
		  {
            "product_id": "9999010",
            "value": 295.00
        },
		  {
            "product_id": "9999011",
            "value": 295.00
        },
		
		  {
            "product_id": "9999012",
            "value": 295.00
        }
		
    ]
}