{
  "items": [
    {
      "shipping_weight_unit": "lb",
      "is_searchable": true,
      "show_in_listing": true,
      "online_to": "2028-11-01T00:00:00.000Z",
      "images": [
        {
          "url": "https://matoukpoc.myshopify.com/cdn/shop/files/Cairo_robe_azure_01_RESIZE.png?v=1739557234&width=823",
          "identifier": "Cairo_robe_azure",
          "dominantColor": "#F5F4F4",
          "width": 1335,
          "height": 2000,
          "aspectRatio": 0.6675,
          "tags": [
            "newstore:main"
          ]
        },
        {
          "url": "https://matoukpoc.myshopify.com/cdn/shop/files/Cairo_robe_white_01_RESIZE.png?v=1739557281&width=823",
          "identifier": "Cairo_robe_white",
          "dominantColor": "#F5F5F5",
          "width": 1335,
          "height": 2000,
          "aspectRatio": 0.6675
        }
      ],
      "sku": "9999003",
      "country_of_origin": "US",
      "title": "Cairo Robe",
      "shipping_weight_value": 0.1,
      "variation_size_type": "regular",
      "variation_size_value": "XXS",
      "variation_size_system": "SML",
      "is_active": true,
      "variation_color_value": "White & Azure",
      "google_category": "none",
      "categories": [
        {
          "position": 14,
          "path": "Shop > Clothing > Dresses",
          "is_main": true
        },
        {
          "path": "Shop > Clothing"
        }
      ],
      "product_hts_number": "6103.23.00",
      "product_id": "9999003",
      "variant_group_id": "9999002",
      "external_identifiers": [
        {
          "type": "sku",
          "value": "9999003"
        },
        {
          "type": "ean13",
          "value": "3517941320012"
        }
      ],
      "caption": "Like the Cairo towel collection, this robe's simple design is simply beautiful. Long-staple cotton terry is neatly trimmed with bias-tape piping..",
	  "description": "Like the Cairo towel collection, this robe's simple design is simply beautiful. Long-staple cotton terry is neatly trimmed with bias-tape piping.",
      "variation_size_gender": "unisex",
      "is_published": true,
      "online_from": "2016-11-01T00:00:00.000Z"
    },
	
	  {
      "shipping_weight_unit": "lb",
      "is_searchable": true,
      "show_in_listing": true,
      "online_to": "2028-11-01T00:00:00.000Z",
      "images": [
        {
          "url": "https://matoukpoc.myshopify.com/cdn/shop/files/Cairo_robe_azure_01_RESIZE.png?v=1739557234&width=823",
          "identifier": "Cairo_robe_azure",
          "dominantColor": "#F5F4F4",
          "width": 1335,
          "height": 2000,
          "aspectRatio": 0.6675,
          "tags": [
            "newstore:main"
          ]
        },
        {
          "url": "https://matoukpoc.myshopify.com/cdn/shop/files/Cairo_robe_white_01_RESIZE.png?v=1739557281&width=823",
          "identifier": "Cairo_robe_white",
          "dominantColor": "#F5F5F5",
          "width": 1335,
          "height": 2000,
          "aspectRatio": 0.6675
        }
      ],
      "sku": "9999004",
      "country_of_origin": "US",
      "title": "Cairo Robe",
      "shipping_weight_value": 0.1,
      "variation_size_type": "regular",
      "variation_size_value": "XS",
      "variation_size_system": "SML",
      "is_active": true,
      "variation_color_value": "White & Azure",
      "google_category": "none",
      "categories": [
        {
          "position": 14,
          "path": "Shop > Clothing > Dresses",
          "is_main": true
        },
        {
          "path": "Shop > Clothing"
        }
      ],
      "product_hts_number": "6103.23.00",
      "product_id": "9999004",
      "variant_group_id": "9999002",
      "external_identifiers": [
        {
          "type": "sku",
          "value": "9999004"
        },
        {
          "type": "ean13",
          "value": "8074216989101"
        }
      ],
      "caption": "Like the Cairo towel collection, this robe's simple design is simply beautiful. Long-staple cotton terry is neatly trimmed with bias-tape piping..",
	  "description": "Like the Cairo towel collection, this robe's simple design is simply beautiful. Long-staple cotton terry is neatly trimmed with bias-tape piping.",
      "variation_size_gender": "unisex",
      "is_published": true,
      "online_from": "2016-11-01T00:00:00.000Z"
    },
	
	  {
      "shipping_weight_unit": "lb",
      "is_searchable": true,
      "show_in_listing": true,
      "online_to": "2028-11-01T00:00:00.000Z",
      "images": [
        {
          "url": "https://matoukpoc.myshopify.com/cdn/shop/files/Cairo_robe_azure_01_RESIZE.png?v=1739557234&width=823",
          "identifier": "Cairo_robe_azure",
          "dominantColor": "#F5F4F4",
          "width": 1335,
          "height": 2000,
          "aspectRatio": 0.6675,
          "tags": [
            "newstore:main"
          ]
        },
        {
          "url": "https://matoukpoc.myshopify.com/cdn/shop/files/Cairo_robe_white_01_RESIZE.png?v=1739557281&width=823",
          "identifier": "Cairo_robe_white",
          "dominantColor": "#F5F5F5",
          "width": 1335,
          "height": 2000,
          "aspectRatio": 0.6675
        }
      ],
      "sku": "9999005",
      "country_of_origin": "US",
      "title": "Cairo Robe",
      "shipping_weight_value": 0.1,
      "variation_size_type": "regular",
      "variation_size_value": "S",
      "variation_size_system": "SML",
      "is_active": true,
      "variation_color_value": "White & Azure",
      "google_category": "none",
      "categories": [
        {
          "position": 14,
          "path": "Shop > Clothing > Dresses",
          "is_main": true
        },
        {
          "path": "Shop > Clothing"
        }
      ],
      "product_hts_number": "6103.23.00",
      "product_id": "9999005",
      "variant_group_id": "9999002",
      "external_identifiers": [
        {
          "type": "sku",
          "value": "9999005"
        },
        {
          "type": "ean13",
          "value": "8428668515654"
        }
      ],
      "caption": "Like the Cairo towel collection, this robe's simple design is simply beautiful. Long-staple cotton terry is neatly trimmed with bias-tape piping.",
	  
	  "description": "Like the Cairo towel collection, this robe's simple design is simply beautiful. Long-staple cotton terry is neatly trimmed with bias-tape piping.",
      "variation_size_gender": "unisex",
      "is_published": true,
      "online_from": "2016-11-01T00:00:00.000Z"
    },
	
	{
      "shipping_weight_unit": "lb",
      "is_searchable": true,
      "show_in_listing": true,
      "online_to": "2028-11-01T00:00:00.000Z",
      "images": [
        {
          "url": "https://matoukpoc.myshopify.com/cdn/shop/files/Cairo_robe_azure_01_RESIZE.png?v=1739557234&width=823",
          "identifier": "Cairo_robe_azure",
          "dominantColor": "#F5F4F4",
          "width": 1335,
          "height": 2000,
          "aspectRatio": 0.6675,
          "tags": [
            "newstore:main"
          ]
        },
        {
          "url": "https://matoukpoc.myshopify.com/cdn/shop/files/Cairo_robe_white_01_RESIZE.png?v=1739557281&width=823",
          "identifier": "Cairo_robe_white",
          "dominantColor": "#F5F5F5",
          "width": 1335,
          "height": 2000,
          "aspectRatio": 0.6675
        }
      ],
      "sku": "9999006",
      "country_of_origin": "US",
      "title": "Cairo Robe",
      "shipping_weight_value": 0.1,
      "variation_size_type": "regular",
      "variation_size_value": "M",
      "variation_size_system": "SML",
      "is_active": true,
      "variation_color_value": "White & Azure",
      "google_category": "none",
      "categories": [
        {
          "position": 14,
          "path": "Shop > Clothing > Dresses",
          "is_main": true
        },
        {
          "path": "Shop > Clothing"
        }
      ],
      "product_hts_number": "6103.23.00",
      "product_id": "9999006",
      "variant_group_id": "9999002",
      "external_identifiers": [
        {
          "type": "sku",
          "value": "9999006"
        },
        {
          "type": "ean13",
          "value": "5168375385573"
        }
      ],
      "caption": "Like the Cairo towel collection, this robe's simple design is simply beautiful. Long-staple cotton terry is neatly trimmed with bias-tape piping.",
	  
	  "description": "Like the Cairo towel collection, this robe's simple design is simply beautiful. Long-staple cotton terry is neatly trimmed with bias-tape piping.",
      "variation_size_gender": "unisex",
      "is_published": true,
      "online_from": "2016-11-01T00:00:00.000Z"
    },
	
	
		{
      "shipping_weight_unit": "lb",
      "is_searchable": true,
      "show_in_listing": true,
      "online_to": "2028-11-01T00:00:00.000Z",
      "images": [
        {
          "url": "https://matoukpoc.myshopify.com/cdn/shop/files/Cairo_robe_azure_01_RESIZE.png?v=1739557234&width=823",
          "identifier": "Cairo_robe_azure",
          "dominantColor": "#F5F4F4",
          "width": 1335,
          "height": 2000,
          "aspectRatio": 0.6675,
          "tags": [
            "newstore:main"
          ]
        },
        {
          "url": "https://matoukpoc.myshopify.com/cdn/shop/files/Cairo_robe_white_01_RESIZE.png?v=1739557281&width=823",
          "identifier": "Cairo_robe_white",
          "dominantColor": "#F5F5F5",
          "width": 1335,
          "height": 2000,
          "aspectRatio": 0.6675
        }
      ],
      "sku": "9999007",
      "country_of_origin": "US",
      "title": "Cairo Robe",
      "shipping_weight_value": 0.1,
      "variation_size_type": "regular",
      "variation_size_value": "XL",
      "variation_size_system": "SML",
      "is_active": true,
      "variation_color_value": "White & Azure",
      "google_category": "none",
      "categories": [
        {
          "position": 14,
          "path": "Shop > Clothing > Dresses",
          "is_main": true
        },
        {
          "path": "Shop > Clothing"
        }
      ],
      "product_hts_number": "6103.23.00",
      "product_id": "9999007",
      "variant_group_id": "9999002",
      "external_identifiers": [
        {
          "type": "sku",
          "value": "9999007"
        },
        {
          "type": "ean13",
          "value": "9085553396416"
        }
      ],
      "caption": "Like the Cairo towel collection, this robe's simple design is simply beautiful. Long-staple cotton terry is neatly trimmed with bias-tape piping.",
	  
	  "description": "Like the Cairo towel collection, this robe's simple design is simply beautiful. Long-staple cotton terry is neatly trimmed with bias-tape piping.",
      "variation_size_gender": "unisex",
      "is_published": true,
      "online_from": "2016-11-01T00:00:00.000Z"
    },
	
	    {
      "shipping_weight_unit": "lb",
      "is_searchable": true,
      "show_in_listing": true,
      "online_to": "2028-11-01T00:00:00.000Z",
      "images": [
        {
          "url": "https://matoukpoc.myshopify.com/cdn/shop/files/Cairo_robe_azure_01_RESIZE.png?v=1739557234&width=823",
          "identifier": "Cairo_robe_azure",
          "dominantColor": "#F5F4F4",
          "width": 1335,
          "height": 2000,
          "aspectRatio": 0.6675,
          "tags": [
            "newstore:main"
          ]
        },
        {
          "url": "https://matoukpoc.myshopify.com/cdn/shop/files/Cairo_robe_white_01_RESIZE.png?v=1739557281&width=823",
          "identifier": "Cairo_robe_white",
          "dominantColor": "#F5F5F5",
          "width": 1335,
          "height": 2000,
          "aspectRatio": 0.6675
        }
      ],
      "sku": "9999008",
      "country_of_origin": "US",
      "title": "Cairo Robe",
      "shipping_weight_value": 0.1,
      "variation_size_type": "regular",
      "variation_size_value": "XXS",
      "variation_size_system": "SML",
      "is_active": true,
      "variation_color_value": "White & White",
      "google_category": "none",
      "categories": [
        {
          "position": 14,
          "path": "Shop > Clothing > Dresses",
          "is_main": true
        },
        {
          "path": "Shop > Clothing"
        }
      ],
      "product_hts_number": "6103.23.00",
      "product_id": "9999008",
      "variant_group_id": "9999002",
      "external_identifiers": [
        {
          "type": "sku",
          "value": "9999008"
        },
        {
          "type": "ean13",
          "value": "6466190963978"
        }
      ],
      "caption": "Like the Cairo towel collection, this robe's simple design is simply beautiful. Long-staple cotton terry is neatly trimmed with bias-tape piping..",
	  "description": "Like the Cairo towel collection, this robe's simple design is simply beautiful. Long-staple cotton terry is neatly trimmed with bias-tape piping.",
      "variation_size_gender": "unisex",
      "is_published": true,
      "online_from": "2016-11-01T00:00:00.000Z"
    },

	  {
      "shipping_weight_unit": "lb",
      "is_searchable": true,
      "show_in_listing": true,
      "online_to": "2028-11-01T00:00:00.000Z",
      "images": [
        {
          "url": "https://matoukpoc.myshopify.com/cdn/shop/files/Cairo_robe_azure_01_RESIZE.png?v=1739557234&width=823",
          "identifier": "Cairo_robe_azure",
          "dominantColor": "#F5F4F4",
          "width": 1335,
          "height": 2000,
          "aspectRatio": 0.6675,
          "tags": [
            "newstore:main"
          ]
        },
        {
          "url": "https://matoukpoc.myshopify.com/cdn/shop/files/Cairo_robe_white_01_RESIZE.png?v=1739557281&width=823",
          "identifier": "Cairo_robe_white",
          "dominantColor": "#F5F5F5",
          "width": 1335,
          "height": 2000,
          "aspectRatio": 0.6675
        }
      ],
      "sku": "9999009",
      "country_of_origin": "US",
      "title": "Cairo Robe",
      "shipping_weight_value": 0.1,
      "variation_size_type": "regular",
      "variation_size_value": "XS",
      "variation_size_system": "SML",
      "is_active": true,
      "variation_color_value": "White & White",
      "google_category": "none",
      "categories": [
        {
          "position": 14,
          "path": "Shop > Clothing > Dresses",
          "is_main": true
        },
        {
          "path": "Shop > Clothing"
        }
      ],
      "product_hts_number": "6103.23.00",
      "product_id": "9999009",
      "variant_group_id": "9999002",
      "external_identifiers": [
        {
          "type": "sku",
          "value": "9999009"
        },
        {
          "type": "ean13",
          "value": "2407480385782"
        }
      ],
      "caption": "Like the Cairo towel collection, this robe's simple design is simply beautiful. Long-staple cotton terry is neatly trimmed with bias-tape piping..",
	  "description": "Like the Cairo towel collection, this robe's simple design is simply beautiful. Long-staple cotton terry is neatly trimmed with bias-tape piping.",
      "variation_size_gender": "unisex",
      "is_published": true,
      "online_from": "2016-11-01T00:00:00.000Z"
    },

	
	  {
      "shipping_weight_unit": "lb",
      "is_searchable": true,
      "show_in_listing": true,
      "online_to": "2028-11-01T00:00:00.000Z",
      "images": [
        {
          "url": "https://matoukpoc.myshopify.com/cdn/shop/files/Cairo_robe_azure_01_RESIZE.png?v=1739557234&width=823",
          "identifier": "Cairo_robe_azure",
          "dominantColor": "#F5F4F4",
          "width": 1335,
          "height": 2000,
          "aspectRatio": 0.6675,
          "tags": [
            "newstore:main"
          ]
        },
        {
          "url": "https://matoukpoc.myshopify.com/cdn/shop/files/Cairo_robe_white_01_RESIZE.png?v=1739557281&width=823",
          "identifier": "Cairo_robe_white",
          "dominantColor": "#F5F5F5",
          "width": 1335,
          "height": 2000,
          "aspectRatio": 0.6675
        }
      ],
      "sku": "9999010",
      "country_of_origin": "US",
      "title": "Cairo Robe",
      "shipping_weight_value": 0.1,
      "variation_size_type": "regular",
      "variation_size_value": "S",
      "variation_size_system": "SML",
      "is_active": true,
      "variation_color_value": "White & White",
      "google_category": "none",
      "categories": [
        {
          "position": 14,
          "path": "Shop > Clothing > Dresses",
          "is_main": true
        },
        {
          "path": "Shop > Clothing"
        }
      ],
      "product_hts_number": "6103.23.00",
      "product_id": "9999010",
      "variant_group_id": "9999002",
      "external_identifiers": [
        {
          "type": "sku",
          "value": "9999010"
        },
        {
          "type": "ean13",
          "value": "3810947320267"
        }
      ],
      "caption": "Like the Cairo towel collection, this robe's simple design is simply beautiful. Long-staple cotton terry is neatly trimmed with bias-tape piping.",
	  
	  "description": "Like the Cairo towel collection, this robe's simple design is simply beautiful. Long-staple cotton terry is neatly trimmed with bias-tape piping.",
      "variation_size_gender": "unisex",
      "is_published": true,
      "online_from": "2016-11-01T00:00:00.000Z"
    },

	{
      "shipping_weight_unit": "lb",
      "is_searchable": true,
      "show_in_listing": true,
      "online_to": "2028-11-01T00:00:00.000Z",
      "images": [
        {
          "url": "https://matoukpoc.myshopify.com/cdn/shop/files/Cairo_robe_azure_01_RESIZE.png?v=1739557234&width=823",
          "identifier": "Cairo_robe_azure",
          "dominantColor": "#F5F4F4",
          "width": 1335,
          "height": 2000,
          "aspectRatio": 0.6675,
          "tags": [
            "newstore:main"
          ]
        },
        {
          "url": "https://matoukpoc.myshopify.com/cdn/shop/files/Cairo_robe_white_01_RESIZE.png?v=1739557281&width=823",
          "identifier": "Cairo_robe_white",
          "dominantColor": "#F5F5F5",
          "width": 1335,
          "height": 2000,
          "aspectRatio": 0.6675
        }
      ],
      "sku": "9999011",
      "country_of_origin": "US",
      "title": "Cairo Robe",
      "shipping_weight_value": 0.1,
      "variation_size_type": "regular",
      "variation_size_value": "M",
      "variation_size_system": "SML",
      "is_active": true,
      "variation_color_value": "White & White",
      "google_category": "none",
      "categories": [
        {
          "position": 14,
          "path": "Shop > Clothing > Dresses",
          "is_main": true
        },
        {
          "path": "Shop > Clothing"
        }
      ],
      "product_hts_number": "6103.23.00",
      "product_id": "9999011",
      "variant_group_id": "9999002",
      "external_identifiers": [
        {
          "type": "sku",
          "value": "9999011"
        },
        {
          "type": "ean13",
          "value": "4064375958270"
        }
      ],
      "caption": "Like the Cairo towel collection, this robe's simple design is simply beautiful. Long-staple cotton terry is neatly trimmed with bias-tape piping.",
	  
	  "description": "Like the Cairo towel collection, this robe's simple design is simply beautiful. Long-staple cotton terry is neatly trimmed with bias-tape piping.",
      "variation_size_gender": "unisex",
      "is_published": true,
      "online_from": "2016-11-01T00:00:00.000Z"
    },

		{
      "shipping_weight_unit": "lb",
      "is_searchable": true,
      "show_in_listing": true,
      "online_to": "2028-11-01T00:00:00.000Z",
      "images": [
        {
          "url": "https://matoukpoc.myshopify.com/cdn/shop/files/Cairo_robe_azure_01_RESIZE.png?v=1739557234&width=823",
          "identifier": "Cairo_robe_azure",
          "dominantColor": "#F5F4F4",
          "width": 1335,
          "height": 2000,
          "aspectRatio": 0.6675,
          "tags": [
            "newstore:main"
          ]
        },
        {
          "url": "https://matoukpoc.myshopify.com/cdn/shop/files/Cairo_robe_white_01_RESIZE.png?v=1739557281&width=823",
          "identifier": "Cairo_robe_white",
          "dominantColor": "#F5F5F5",
          "width": 1335,
          "height": 2000,
          "aspectRatio": 0.6675
        }
      ],
      "sku": "9999012",
      "country_of_origin": "US",
      "title": "Cairo Robe",
      "shipping_weight_value": 0.1,
      "variation_size_type": "regular",
      "variation_size_value": "XL",
      "variation_size_system": "SML",
      "is_active": true,
      "variation_color_value": "White & White",
      "google_category": "none",
      "categories": [
        {
          "position": 14,
          "path": "Shop > Clothing > Dresses",
          "is_main": true
        },
        {
          "path": "Shop > Clothing"
        }
      ],
      "product_hts_number": "6103.23.00",
      "product_id": "9999012",
      "variant_group_id": "9999002",
      "external_identifiers": [
        {
          "type": "sku",
          "value": "9999012"
        },
        {
          "type": "ean13",
          "value": "1800720718035"
        }
      ],
      "caption": "Like the Cairo towel collection, this robe's simple design is simply beautiful. Long-staple cotton terry is neatly trimmed with bias-tape piping.",
	  
	  "description": "Like the Cairo towel collection, this robe's simple design is simply beautiful. Long-staple cotton terry is neatly trimmed with bias-tape piping.",
      "variation_size_gender": "unisex",
      "is_published": true,
      "online_from": "2016-11-01T00:00:00.000Z"
    }	
    
  ],
  "head": {
    "shop": "storefront-catalog-en",
    "filterable_attributes": [
      {
        "path": "$.extended_attributes[?(@.name == 'fit')].value",
        "name": "fit"
      }
    ],
    "locale": "en-US",
    "catalog": "storefront-catalog-en",
    "searchable_attributes": [
      {
        "path": "$.material",
        "name": "material",
        "weight": 10
      },
      {
        "path": "$.extended_attributes[?(@.name == 'fit')].value",
        "name": "fit",
        "weight": 5
      }
    ],
    "internal_disable_image_processing": false
  }
}