{
	"head": {
        "pricebook": "default",
        "shop": "storefront-catalog-en",
		"currency": "USD"
    },
    "items": [
        {
            "product_id": "99990018",
            "value": 475.00
        },
		
		         {
            "product_id": "99990019",
            "value": 475.00
        },
		
				         {
            "product_id": "99990020",
            "value": 475.00
        },
				
						         {
            "product_id": "99990021",
            "value": 475.00
        },
				
						         {
            "product_id": "99990022",
            "value": 475.00
        },
				
						         {
            "product_id": "99990023",
            "value": 475.00
        }					
		
    ]
}