{
    "head": {
        "shop": "storefront-catalog-en",
        "locale": "en-US",
        "is_master": true
    },
    "items": [
        {
            "product_id": "10104122",
            "variant_group_id": "variant_group_10001",
            "title": "CLAT_Bohemian Print Cutout Chiffon Maxi Dress",
            "caption": "Our summer-ready chiffon dress features a bohemian print and beaded cut-outs for a textural twist to maxi styles. Full of creativity on every level, it offers delicate transparencies with a pleated hem for extra swish as you move through the summer heat.",
            "description": "Bohemian Print Chiffon Gathered Waist Silk Dress",
			"is_searchable": true,
            "show_in_listing": true,
            "online_to": "2028-11-01T00:00:00.000Z",
            "tax_class_id": "standard",
            "categories": [
                {
                    "path": "Special collection"
                },
                {
                    "path": "Releases > SUMMER 1"
                },
                {
                    "path": "Shop > Dresses",
                    "position": 10,
                    "is_main": true
                }
            ],
            "material": "LADIES' 100% SILK WOVEN DRESS",
            "variation_color_value": "Grace Sweater Beige",
            "variation_size_value": "4",
            "variation_size_gender": "unisex",
            "variation_size_type": "regular",
            "variation_size_system": "US",
            "external_identifiers": [
                {
                    "type": "sku",
                    "value": "10104122"
                },
                {
                    "type": "ean13",
                    "value": "72527273070"
                }
            ],
            "extended_attributes": [
                {
                    "name": "care",
                    "value": "10104122 This product doesn't need special caring instructions. Handwash at 50°F is sufficent enough."
                },
                {
                    "name": "fit",
                    "value": "10104122 Tight"
                }
            ]
        }
    ]
}