{
    "items": 

[ 

 {
            "shipping_weight_unit": "lb",
            "is_searchable": true,
            "show_in_listing": true,
            "online_to": "2028-11-01T00:00:00.000Z",
            "images": [
                {
                    "internal_dimension_height": 200,
                    "title": "Item_CLAT_2",
                    "url": "http://newstore-assets-751244450943-useast1.s3-website-us-east-1.amazonaws.com/dodici/michelle_boots_1.jpg",
                    "internal_dimension_width": 200,
                    "alt_text": Item_CLAT_2",
                    "internal_dominant_color": "#FFFFFF",
                    "tags": [
                        "main_view"
                    ],
                    "is_main": true
                }
            ],
            "sku": "841725195271",
            "country_of_origin": "US",
            "extended_attributes": [
                {
                    "name": "fit",
                    "value": "True to U.S. size"
                },
                {
                    "name": "care",
                    "value": "Gently wipe with leather/suede friendly cleaner"
                },
                {
                    "name": "productDetails",
                    "value": "Leather/suede \nImported"
                },
                {
                    "name": "RFID",
                    "value": ""
                }
            ],
            "title": "Michelle Boots",
            "shipping_weight_value": 0.10,
            "variation_size_type": "regular",
            "variation_size_value": "8",
            "variation_size_system": "US",
            "material": "Magic",
            "is_active": true,
            "variation_color_value": "Black",
            "google_category": "none",
            "categories": [
                {
                    "position": 7,
                    "path": "Shop > Shoes",
                    "is_main": true
                }
            ],
            "product_hts_number": "6103.23.00",
            "product_id": "841725195271",
            "variant_group_id": "1000180",
            "external_identifiers": [
                {
                    "type": "sku",
                    "value": "841725195271"
                },
                {
                    "type": "ean13",
                    "value": "0841725195271"
                }
            ],
            "caption": "This classic flat leather bootie with a distinct structure and block heel is perfect for any outfit.",
            "variation_size_gender": "unisex",
            "is_published": true,
            "online_from": "2016-11-01T00:00:00.000Z"
        }
		
],
    "head": {
        "shop": "storefront-catalog-en",
        "filterable_attributes": [
            {
                "path": "$.extended_attributes[?(@.name == 'fit')].value",
                "name": "fit"
            }
        ],
        "locale": "en-US",
        "catalog": "storefront-catalog-en",
        "searchable_attributes": [
            {
                "path": "$.material",
                "name": "material",
                "weight": 10
            },
            {
                "path": "$.extended_attributes[?(@.name == 'fit')].value",
                "name": "fit",
                "weight": 5
            }
        ],
        "internal_disable_image_processing": true
    }
}