{
    "head": {
        "store_mapping": [
            {
                "store_id": "2",
                "fulfillment_node_id": "2"
            }
        ]
    },
    "items": [
        {
            "product_id": "1000001",
            "quantity": 1000,
            "fulfillment_node_id": "2"
        },
        {
            "product_id": "1000002",
            "quantity": 1000,
            "fulfillment_node_id": "2"
        },
        {
            "product_id": "1000011",
            "quantity": 1000,
            "fulfillment_node_id": "2"
        },
        {
            "product_id": "1000012",
            "quantity": 1000,
            "fulfillment_node_id": "2"
        },
        {
            "product_id": "1000031",
            "quantity": 1000,
            "fulfillment_node_id": "2"
        },
        {
            "product_id": "1000041",
            "quantity": 1000,
            "fulfillment_node_id": "2"
        },
        {
            "product_id": "1000061",
            "quantity": 1000,
            "fulfillment_node_id": "2"
        },
        {
            "product_id": "1000071",
            "quantity": 1000,
            "fulfillment_node_id": "2"
        },
        {
            "product_id": "1000081",
            "quantity": 1000,
            "fulfillment_node_id": "2"
        },
        {
            "product_id": "1000091",
            "quantity": 1000,
            "fulfillment_node_id": "2"
        },
        {
            "product_id": "1000101",
            "quantity": 1000,
            "fulfillment_node_id": "2"
        },
        {
            "product_id": "1000111",
            "quantity": 1000,
            "fulfillment_node_id": "2"
        },
        {
            "product_id": "1000151",
            "quantity": 1000,
            "fulfillment_node_id": "2"
        },
        {
            "product_id": "1000152",
            "quantity": 1000,
            "fulfillment_node_id": "2"
        },
        {
            "product_id": "1000161",
            "quantity": 1000,
            "fulfillment_node_id": "2"
        },
        {
            "product_id": "1000171",
            "quantity": 1000,
            "fulfillment_node_id": "2"
        },
        {
            "product_id": "1000172",
            "quantity": 1000,
            "fulfillment_node_id": "2"
        },
        {
            "product_id": "1000181",
            "quantity": 1000,
            "fulfillment_node_id": "2"
        },
        {
            "product_id": "1000191",
            "quantity": 1000,
            "fulfillment_node_id": "2"
        },
        {
            "product_id": "1000201",
            "quantity": 1000,
            "fulfillment_node_id": "2"
        },
        {
            "product_id": "1000202",
            "quantity": 1000,
            "fulfillment_node_id": "2"
        },
        {
            "product_id": "1000221",
            "quantity": 1000,
            "fulfillment_node_id": "2"
        },
        {
            "product_id": "1000251",
            "quantity": 1000,
            "fulfillment_node_id": "2"
        },
        {
            "product_id": "1000261",
            "quantity": 1000,
            "fulfillment_node_id": "2"
        },
        {
            "product_id": "1000262",
            "quantity": 1000,
            "fulfillment_node_id": "2"
        },
        {
            "product_id": "1000271",
            "quantity": 1000,
            "fulfillment_node_id": "2"
        },
        {
            "product_id": "1000272",
            "quantity": 1000,
            "fulfillment_node_id": "2"
        },
        {
            "product_id": "1000281",
            "quantity": 1000,
            "fulfillment_node_id": "2"
        },
        {
            "product_id": "1000282",
            "quantity": 1000,
            "fulfillment_node_id": "2"
        },
        {
            "product_id": "1000283",
            "quantity": 1000,
            "fulfillment_node_id": "2"
        },
        {
            "product_id": "1000291",
            "quantity": 1000,
            "fulfillment_node_id": "2"
        },
        {
            "product_id": "1000301",
            "quantity": 1000,
            "fulfillment_node_id": "2"
        },
        {
            "product_id": "1000302",
            "quantity": 1000,
            "fulfillment_node_id": "2"
        },
        {
            "product_id": "1000311",
            "quantity": 1000,
            "fulfillment_node_id": "2"
        },
        {
            "product_id": "1000321",
            "quantity": 1000,
            "fulfillment_node_id": "2"
        },
        {
            "product_id": "1000322",
            "quantity": 1000,
            "fulfillment_node_id": "2"
        },
        {
            "product_id": "1000331",
            "quantity": 1000,
            "fulfillment_node_id": "2"
        },
        {
            "product_id": "1000341",
            "quantity": 1000,
            "fulfillment_node_id": "2"
        },
        {
            "product_id": "1000342",
            "quantity": 1000,
            "fulfillment_node_id": "2"
        },
        {
            "product_id": "1000361",
            "quantity": 1000,
            "fulfillment_node_id": "2"
        },
        {
            "product_id": "1000362",
            "quantity": 1000,
            "fulfillment_node_id": "2"
        },
        {
            "product_id": "1000371",
            "quantity": 1000,
            "fulfillment_node_id": "2"
        },
        {
            "product_id": "1000372",
            "quantity": 1000,
            "fulfillment_node_id": "2"
        },
        {
            "product_id": "1000381",
            "quantity": 1000,
            "fulfillment_node_id": "2"
        },
        {
            "product_id": "1000401",
            "quantity": 1000,
            "fulfillment_node_id": "2"
        },
        {
            "product_id": "1000402",
            "quantity": 1000,
            "fulfillment_node_id": "2"
        },
        {
            "product_id": "1000403",
            "quantity": 1000,
            "fulfillment_node_id": "2"
        },
        {
            "product_id": "1000411",
            "quantity": 1000,
            "fulfillment_node_id": "2"
        },
        {
            "product_id": "1000412",
            "quantity": 1000,
            "fulfillment_node_id": "2"
        },
        {
            "product_id": "1000451",
            "quantity": 1000,
            "fulfillment_node_id": "2"
        },
        {
            "product_id": "1000452",
            "quantity": 1000,
            "fulfillment_node_id": "2"
        },
        {
            "product_id": "1000461",
            "quantity": 1000,
            "fulfillment_node_id": "2"
        },
        {
            "product_id": "1000462",
            "quantity": 1000,
            "fulfillment_node_id": "2"
        },
        {
            "product_id": "1000463",
            "quantity": 1000,
            "fulfillment_node_id": "2"
        },
        {
            "product_id": "1000471",
            "quantity": 1000,
            "fulfillment_node_id": "2"
        },
        {
            "product_id": "1000501",
            "quantity": 1000,
            "fulfillment_node_id": "2"
        },
        {
            "product_id": "1000541",
            "quantity": 1000,
            "fulfillment_node_id": "2"
        },
        {
            "product_id": "1000542",
            "quantity": 1000,
            "fulfillment_node_id": "2"
        },
        {
            "product_id": "1000543",
            "quantity": 1000,
            "fulfillment_node_id": "2"
        },
        {
            "product_id": "1000551",
            "quantity": 1000,
            "fulfillment_node_id": "2"
        },
        {
            "product_id": "1000571",
            "quantity": 1000,
            "fulfillment_node_id": "2"
        },
        {
            "product_id": "1000572",
            "quantity": 1000,
            "fulfillment_node_id": "2"
        },
        {
            "product_id": "1000591",
            "quantity": 1000,
            "fulfillment_node_id": "2"
        },
        {
            "product_id": "1000601",
            "quantity": 1000,
            "fulfillment_node_id": "2"
        },
        {
            "product_id": "1000602",
            "quantity": 1000,
            "fulfillment_node_id": "2"
        },
        {
            "product_id": "1000611",
            "quantity": 1000,
            "fulfillment_node_id": "2"
        },
        {
            "product_id": "1000612",
            "quantity": 1000,
            "fulfillment_node_id": "2"
        },
        {
            "product_id": "1000631",
            "quantity": 1000,
            "fulfillment_node_id": "2"
        },
        {
            "product_id": "1000632",
            "quantity": 1000,
            "fulfillment_node_id": "2"
        },
        {
            "product_id": "1000641",
            "quantity": 1000,
            "fulfillment_node_id": "2"
        },
        {
            "product_id": "1000642",
            "quantity": 1000,
            "fulfillment_node_id": "2"
        },
        {
            "product_id": "1000651",
            "quantity": 1000,
            "fulfillment_node_id": "2"
        },
        {
            "product_id": "1000652",
            "quantity": 1000,
            "fulfillment_node_id": "2"
        },
        {
            "product_id": "1000661",
            "quantity": 1000,
            "fulfillment_node_id": "2"
        },
        {
            "product_id": "1000662",
            "quantity": 1000,
            "fulfillment_node_id": "2"
        },
        {
            "product_id": "1000671",
            "quantity": 1000,
            "fulfillment_node_id": "2"
        },
        {
            "product_id": "1000672",
            "quantity": 1000,
            "fulfillment_node_id": "2"
        },
        {
            "product_id": "1000681",
            "quantity": 1000,
            "fulfillment_node_id": "2"
        },
        {
            "product_id": "1000682",
            "quantity": 1000,
            "fulfillment_node_id": "2"
        },
        {
            "product_id": "1000691",
            "quantity": 1000,
            "fulfillment_node_id": "2"
        },
        {
            "product_id": "1000692",
            "quantity": 1000,
            "fulfillment_node_id": "2"
        },
        {
            "product_id": "1000701",
            "quantity": 1000,
            "fulfillment_node_id": "2"
        },
        {
            "product_id": "1000702",
            "quantity": 1000,
            "fulfillment_node_id": "2"
        },
        {
            "product_id": "1000721",
            "quantity": 1000,
            "fulfillment_node_id": "2"
        },
        {
            "product_id": "1000722",
            "quantity": 1000,
            "fulfillment_node_id": "2"
        },
        {
            "product_id": "1000731",
            "quantity": 1000,
            "fulfillment_node_id": "2"
        },
        {
            "product_id": "1000761",
            "quantity": 1000,
            "fulfillment_node_id": "2"
        },
        {
            "product_id": "1000762",
            "quantity": 1000,
            "fulfillment_node_id": "2"
        },
        {
            "product_id": "1000763",
            "quantity": 1000,
            "fulfillment_node_id": "2"
        },
        {
            "product_id": "1000771",
            "quantity": 1000,
            "fulfillment_node_id": "2"
        },
        {
            "product_id": "1000772",
            "quantity": 1000,
            "fulfillment_node_id": "2"
        },
        {
            "product_id": "1000781",
            "quantity": 1000,
            "fulfillment_node_id": "2"
        },
        {
            "product_id": "1000782",
            "quantity": 1000,
            "fulfillment_node_id": "2"
        },
        {
            "product_id": "1000783",
            "quantity": 1000,
            "fulfillment_node_id": "2"
        },
        {
            "product_id": "1000784",
            "quantity": 1000,
            "fulfillment_node_id": "2"
        },
        {
            "product_id": "1000811",
            "quantity": 1000,
            "fulfillment_node_id": "2"
        },
        {
            "product_id": "1000812",
            "quantity": 1000,
            "fulfillment_node_id": "2"
        },
        {
            "product_id": "1000821",
            "quantity": 1000,
            "fulfillment_node_id": "2"
        },
        {
            "product_id": "1000822",
            "quantity": 1000,
            "fulfillment_node_id": "2"
        },
        {
            "product_id": "1000831",
            "quantity": 1000,
            "fulfillment_node_id": "2"
        },
        {
            "product_id": "1000832",
            "quantity": 1000,
            "fulfillment_node_id": "2"
        },
        {
            "product_id": "1000841",
            "quantity": 1000,
            "fulfillment_node_id": "2"
        },
        {
            "product_id": "1000842",
            "quantity": 1000,
            "fulfillment_node_id": "2"
        },
        {
            "product_id": "1000851",
            "quantity": 1000,
            "fulfillment_node_id": "2"
        },
        {
            "product_id": "1000852",
            "quantity": 1000,
            "fulfillment_node_id": "2"
        },
        {
            "product_id": "1000861",
            "quantity": 1000,
            "fulfillment_node_id": "2"
        },
        {
            "product_id": "1000862",
            "quantity": 1000,
            "fulfillment_node_id": "2"
        },
        {
            "product_id": "1000871",
            "quantity": 1000,
            "fulfillment_node_id": "2"
        },
        {
            "product_id": "1000881",
            "quantity": 1000,
            "fulfillment_node_id": "2"
        },
        {
            "product_id": "1000882",
            "quantity": 1000,
            "fulfillment_node_id": "2"
        },
        {
            "product_id": "1000891",
            "quantity": 1000,
            "fulfillment_node_id": "2"
        },
        {
            "product_id": "1000892",
            "quantity": 1000,
            "fulfillment_node_id": "2"
        },
        {
            "product_id": "1000901",
            "quantity": 1000,
            "fulfillment_node_id": "2"
        },
        {
            "product_id": "1000902",
            "quantity": 1000,
            "fulfillment_node_id": "2"
        },
        {
            "product_id": "1000911",
            "quantity": 1000,
            "fulfillment_node_id": "2"
        },
        {
            "product_id": "1000912",
            "quantity": 1000,
            "fulfillment_node_id": "2"
        },
        {
            "product_id": "1000921",
            "quantity": 1000,
            "fulfillment_node_id": "2"
        },
        {
            "product_id": "1000922",
            "quantity": 1000,
            "fulfillment_node_id": "2"
        },
        {
            "product_id": "1000931",
            "quantity": 1000,
            "fulfillment_node_id": "2"
        },
        {
            "product_id": "1000932",
            "quantity": 1000,
            "fulfillment_node_id": "2"
        },
        {
            "product_id": "1000941",
            "quantity": 1000,
            "fulfillment_node_id": "2"
        },
        {
            "product_id": "1000951",
            "quantity": 1000,
            "fulfillment_node_id": "2"
        },
        {
            "product_id": "1000952",
            "quantity": 1000,
            "fulfillment_node_id": "2"
        },
        {
            "product_id": "1000961",
            "quantity": 1000,
            "fulfillment_node_id": "2"
        },
        {
            "product_id": "1000962",
            "quantity": 1000,
            "fulfillment_node_id": "2"
        },
        {
            "product_id": "1000971",
            "quantity": 1000,
            "fulfillment_node_id": "2"
        },
        {
            "product_id": "1000981",
            "quantity": 1000,
            "fulfillment_node_id": "2"
        },
        {
            "product_id": "1000982",
            "quantity": 1000,
            "fulfillment_node_id": "2"
        },
        {
            "product_id": "1001011",
            "quantity": 1000,
            "fulfillment_node_id": "2"
        },
        {
            "product_id": "1001012",
            "quantity": 1000,
            "fulfillment_node_id": "2"
        },
        {
            "product_id": "1001021",
            "quantity": 1000,
            "fulfillment_node_id": "2"
        },
        {
            "product_id": "1001022",
            "quantity": 1000,
            "fulfillment_node_id": "2"
        },
        {
            "product_id": "1001041",
            "quantity": 1000,
            "fulfillment_node_id": "2"
        },
        {
            "product_id": "1001071",
            "quantity": 1000,
            "fulfillment_node_id": "2"
        },
        {
            "product_id": "1001072",
            "quantity": 1000,
            "fulfillment_node_id": "2"
        },
        {
            "product_id": "1001081",
            "quantity": 1000,
            "fulfillment_node_id": "2"
        },
        {
            "product_id": "1001082",
            "quantity": 1000,
            "fulfillment_node_id": "2"
        },
        {
            "product_id": "1001201",
            "quantity": 1000,
            "fulfillment_node_id": "2"
        },
        {
            "product_id": "1001211",
            "quantity": 112.00,
            "fulfillment_node_id": "2"
        },
        {
            "product_id": "2000081",
            "quantity": 9999.00,
            "fulfillment_node_id": "2"
        }
    ]
}
