{
   "items":[
{
  "shipping_weight_unit": "lb",
  "is_searchable": false,
  "show_in_listing": false,
  "online_to": "2028-11-01T00:00:00.000Z",
  "images": [
    {
      "url": "https://matoukpoc.myshopify.com/cdn/shop/files/Matteo_Pajamas_Peony_FLAT.png?v=1739219754&width=990",
      "identifier": "Matteo_Pajamas_Peony",
      "dominantColor": "#F5F4F4",
      "width": 1335,
      "height": 2000,
      "aspectRatio": 0.6675,
      "tags": [
        "newstore:main"
      ]
    },
    {
      "url": "https://matoukpoc.myshopify.com/cdn/shop/files/Matteo_Pajamas_Azure_FLAT_2470e805-9c8b-4229-beb3-e7ac639fdc62.png?v=1739287917&width=990",
      "identifier": "Matteo_Pajamas_Azure",
      "dominantColor": "#F5F4F4",
      "width": 1335,
      "height": 2000,
      "aspectRatio": 0.6675
    }
  ],
  "sku": "9999001",
  "country_of_origin": "US",
  "extended_attributes": [
    {
      "name": "fit",
      "value": "True to  size"
    },
    {
      "name": "care",
      "value": ""
    },
    {
      "name": "productDetails",
      "value": ""
    },
    {
      "name": "RFID",
      "value": ""
    }
  ],
  "title": "Matteo Pajama Set",
  "shipping_weight_value": 0.1,
  "variation_size_type": "regular",
  "variation_size_value": "",
  "variation_size_system": "US",
  "material": "Magic",
  "is_active": false,
  "variation_color_value": "Peony",
  "google_category": "none",
  "categories": [
    {
      "position": 26,
      "path": "Shop > Clothing > Tops",
      "is_main": true
    },
    {
      "path": "Shop > Clothing"
    }
  ],
  "product_hts_number": "6103.23.00",
  "product_id": "9999001",
  "variant_group_id": "9999001",
  "external_identifiers": [
    {
      "type": "sku",
      "value": "9999001"
    },
    {
      "type": "ean13",
      "value": "1090832444942"
    }
  ],
  "caption": "Elevate your loungewear with our Matteo pajamas, featuring a button-down shirt and drawstring pant in lightweight seersucker cotton. This classic striped look adds sophistication to leisurely nights and mornings, and looks just as great out of the house as it does curled up at home.",
  
   "description": "Elevate your loungewear with our Matteo pajamas, featuring a button-down shirt and drawstring pant in lightweight seersucker cotton. This classic striped look adds sophistication to leisurely nights and mornings, and looks just as great out of the house as it does curled up at home.",
  "variation_size_gender": "unisex",
  "is_published": false,
  "online_from": "2025-03-06T00:00:00.000Z"
}

],

"head": {
  "shop": "storefront-catalog-en",
  "filterable_attributes": [
    {
      "path": "$.extended_attributes[?(@.name == 'fit')].value",
      "name": "fit"
    }
  ],
  "locale": "en-US",
  "catalog": "storefront-catalog-en",
  "searchable_attributes": [
    {
      "path": "$.material",
      "name": "material",
      "weight": 10
    },
    {
      "path": "$.extended_attributes[?(@.name == 'fit')].value",
      "name": "fit",
      "weight": 5
    }
  ],
  "internal_disable_image_processing": false
}
	  }