{
	
	
    "head": {
        "shop": "storefront-catalog-en",
        "filterable_attributes": [
            {
                "path": "$.extended_attributes[?(@.name == 'fit')].value",
                "name": "fit"
            }
        ],
        "locale": "en-US",
        "catalog": "storefront-catalog-en",
        "searchable_attributes": [
            {
                "path": "$.material",
                "name": "material",
                "weight": 10
            },
            {
                "path": "$.extended_attributes[?(@.name == 'fit')].value",
                "name": "fit",
                "weight": 5
            }
        ],
        "internal_disable_image_processing": true
    }
    "items": 
        {
            "variation_additional_2_name": "Front",
            "shipping_weight_unit": "lb",
            "is_searchable": true,
            "show_in_listing": true,
            "online_to": "2028-11-01T00:00:00.000Z",
            "images": [
                {
                    "internal_dimension_height": 200,
                    "title": "Suit1_Men",
                    "url": "https://raw.githubusercontent.com/CharefL/Viseo-NS/main/Men_Suit_NS.jpg",
                    "internal_dimension_width": 200,
                    "alt_text": "Suit Men",
                    "internal_dominant_color": "#FFFFFF",
                    "tags": [
                        "main_view"
                    ],
                    "is_main": true
                },
            ],
            "sku": "101041221",
            "country_of_origin": "US",
            "extended_attributes": [
                {
                    "name": "fit",
                    "value": "True to size"
                },
                {
                    "name": "care",
                    "value": "Dry clean"
                },
                {
                    "name": "productDetails",
                    "value": "Cotton/suede/leather/silk/chiffon \nImported"
                },
                {
                    "name": "RFID",
                    "value": ""
                }
            ],
            "title": "Audrey Crop Blouse",
            "shipping_weight_value": 0.10,
            "variation_size_type": "regular",
            "is_published": true,
            "variation_additional_2_value": "zipper",
            "variation_size_system": "US",
            "online_from": "2016-11-01T00:00:00.000Z",
            "material": "Magic",
            "is_active": true,
            "variation_color_value": "White",
            "google_category": "none",
            "variation_additional_1_name": "Body Fit",
            "categories": [
                {
                    "position": 2,
                    "path": "Shop > Clothing > Tops",
                    "is_main": true
                },
                {
                    "path": "Shop > Clothing"
                }
            ],
            "product_id": "1010412212",
            "variant_group_id": "1010412212",
            "external_identifiers": [
                {
                    "type": "sku",
                    "value": "1010412212"
                },
                {
                    "type": "ean13",
                    "value": "5613804544394"
                }
            ],
            "caption": "The epitome of casual elegance, this lightweight top features trendy bell sleeves with a full back zip.",
            "variation_additional_1_value": "slimm",
            "variation_size_gender": "unisex",
            "product_hts_number": "6103.23.00",
            "variation_size_value": "0"
        }