{
    "items": [

        {
            "shipping_weight_unit": "lb",
            "is_searchable": true,
            "show_in_listing": true,
            "online_to": "2028-11-01T00:00:00.000Z",
            "images": [
                {
                    "internal_dimension_height": 200,
                    "title": "alaia_dress_front",
                    "url": "https://raw.githubusercontent.com/CharefL/Viseo-NS/main/Men_Suit_NS.jpg",
                    "internal_dimension_width": 200,
                    "alt_text": "Suit 3",
                    "internal_dominant_color": "#FFFFFF",
                    "tags": [
                        "main_view"
                    ],
                    "is_main": true
                }
            ],
            "sku": "12345",
            "country_of_origin": "US",
            "extended_attributes": [
                {
                    "name": "fit",
                    "value": "True to size"
                },
                {
                    "name": "care",
                    "value": "Dry clean"
                },
                {
                    "name": "productDetails",
                    "value": "Cotton/suede/leather/silk/chiffon \nImported"
                },
                {
                    "name": "RFID",
                    "value": ""
                }
            ],
            "title": "Suit 3 Man",
            "shipping_weight_value": 0.10,
            "variation_size_type": "regular",
            "variation_size_value": "4",
            "variation_size_system": "US",
            "material": "Magic",
            "is_active": true,
            "variation_color_value": "Black",
            "google_category": "none",
            "categories": [
                {
                    "position": 1,
                    "path": "Shop > Clothing > Dresses",
                    "is_main": true
                },
                {
                    "path": "Shop > Clothing"
                }
            ],
            "product_hts_number": "6103.23.00",
            "product_id": "12345",
            "variant_group_id": "1000730",
            "external_identifiers": [
                {
                    "type": "sku",
                    "value": "12345"
                },
                {
                    "type": "ean13",
                    "value": "4051248376210"
                }
            ],
            "caption": "s.",
            "variation_size_gender": "unisex",
            "is_published": true,
            "online_from": "2016-11-01T00:00:00.000Z"
     }  
],
    "head": {
        "shop": "storefront-catalog-en",
        "filterable_attributes": [
            {
                "path": "$.extended_attributes[?(@.name == 'fit')].value",
                "name": "fit"
            }
        ],
        "locale": "en-US",
        "catalog": "storefront-catalog-en",
        "searchable_attributes": [
            {
                "path": "$.material",
                "name": "material",
                "weight": 10
            },
            {
                "path": "$.extended_attributes[?(@.name == 'fit')].value",
                "name": "fit",
                "weight": 5
            }
        ],
        "internal_disable_image_processing": true
    }
}