{
	"head": {
        "pricebook": "default",
        "shop": "storefront-catalog-en",
		"currency": "USD"
    },
    "items": [
        {
            "product_id": "9999014",
            "value": 475.00
        },
		
		  {
            "product_id": "9999015",
            "value": 475.00
        },
		  {
            "product_id": "9999016",
            "value": 475.00
        },
		  {
            "product_id": "9999017",
            "value": 475.00
        },
		  {
            "product_id": "9999018",
            "value": 475.00
        },
		  {
            "product_id": "9999019",
            "value": 475.00
        },
		  {
            "product_id": "9999020",
            "value": 475.00
        },
		
		  {
            "product_id": "9999021",
            "value": 475.00
        },
		  {
            "product_id": "9999022",
            "value": 475.00
        },
		
		  {
            "product_id": "9999023",
            "value": 475.00
        }
		,
		
		  {
            "product_id": "9999024",
            "value": 475.00
        }
		,
		
		  {
            "product_id": "9999025",
            "value": 475.00
        }
		,
		
		  {
            "product_id": "9999026",
            "value": 475.00
        }
		,
		
		  {
            "product_id": "9999027",
            "value": 475.00
        },
		
		  {
            "product_id": "9999028",
            "value": 475.00
        }
		
		
		
    ]
}